Title,Composer,Writer,Lyrics,File,Bibliography,Comments
Το στερνό αντίο,Καραμπεσίνης,Ν. Παναγιωτούνης,"Ήταν καλοκαίρι όταν ανταμώσαμε στην ακρογιαλιά
τώρα πέφτει χιόνι
κι είμαι χελιδόνι
μες στην παγωνιά
ήταν καλοκαίρι όταν ανταμώσαμε στην ακρογιαλιά","01) με τον Γιώ. Αγαπητό, 8-11-1972",,-45άρι HMV 7PG 8196.
Ο πλούσιος,,,"Όσο κι αν είσαι πλούσιος μια μέρα θα πεθάνεις
κι ότι απόχτησες στη γη παντοτινά τα χάνεις
τίποτα δε θα πάρεις",01) με τον Θαν. Κοντάκη,,Ζεϊμπέκικος.
Τα τάλιρα,Μητσάκης,Μητσάκης,"Στον κόσμο αυτό τον /ψεύτικο/ το χρήμα κυβερνάει
και όποιος έχει /τάλιρα/ αυτός καλοπερνάει.

Τους πλούσιους δε ζηλεύουμε ..................................ρεφρέν
εμείς τα μπατιράκια
γιατί τηνε βολεύουμε
με λίγα ταλιράκια.

Όλοι το φίλο /κάνουνε/ η τσέπη σου σαν έχει
κι όταν σωθούν /τα τάλιρα/ κανείς δε σε προσέχει.

Ρεφρέν.

Στον άλλο κόσμο /μοναχά/ που κρίμα δεν υπάρχει
και ο φτωχός /κι ο πλούσιος/ την ίδια θέση θα 'χει.

Ρεφρέν.","01) με τον Τζουανάκο, 1-3-1951","1) ΓΣΕΕ σελ. 170 ""1950""","Ζεϊμπέκικος.

-78άρι HMV AO 2983. Κιθάρα: ΔΕΔΕΣ ΙΩΑΝΝΗΣ, Μπουζούκι: ΜΑΛΤΕΖΟΣ ΛΟΥΚΑΣ, Μπουζούκι: ΜΗΤΣΑΚΗΣ ΓΙΩΡΓΟΣ."
Αν,Π. Τζαβέλλας,Φώτης Αγγουλές,"Ειν' ένα δάσος γύρω μας συρματοπλέγματα ψηλά
κι' έχουν απ' όξω κλείσει την ανοιξιάτικη χαρά πού μας χαμογέλα
Πίσω απ' το σύρμα βλέπουμε την όμορφη τη δύση
και τη γλυκιά αυγή, εμείς πού τόσο είχαμε τη λευτεριά αγαπήσει
Άραγε απ' το σύρμα αυτό πού το 'χουμε ποτίσει
με τόσα δάκρυα κι' αίματα
αν κάποια μέρα ανθίσει τι λούλουδο θα βγει;","01) Δ-624 (με τον Πάνο Τζαβέλλα, 1977)",,"-Από το ""Πορεία μες στη νύχτα"" (1977, Δ-624)."
Καστανή,Μεν. Μιχαηλίδης,Μεν. Μιχαηλίδης,"Το κάθε βλέμμα σου και κάθε βάδισμά σου
μου έχουν πάρει, καστανή μου, την καρδιά
η λεβεντιά και τα ολόσγουρα μαλλιά σου
του όλου σου, η μάγος ευωδιά.

Αχ, πως ποθώ σιμά σου, να καθίσω,
να ακούγω εγώ, το γέλιο σου, τ' αγγελικό
και το γλυκό σου στοματάκι, να φιλήσω, αχ, καστανή,
μ' ένα ολόγλυκο τρελό, λογάκι ερωτικό.

Κάθε φορά, που το γλυκό σου στοματάκι,
θέ' να μου λέει, καστανή μου, σ' αγαπώ.
Θα μου γιατρεύει, της καρδιάς μου, το φαρμάκι
και με λαχτάρα θα σ' ανταγαπώ.

Αχ, πως ποθώ σιμά σου, να καθίσω ...","01) με τον Νταλγκά, 1928",,"Επτάσημος ρυθμός.

-Βιολί, κιθάρα, μαντολίνο. Ελαφρού, επιθεωρησιακού και κανταδόρικου ύφους ερωτικό τραγούδι. 78άρι Pathe X-80032
Στην ετικέτα του δίσκου υπάρχει ο χαρακτηρισμός ""Αρχοντορεμπέτικο"", αν και ο όρος αυτός λέγεται από τους ειδικούς, ότι άρχισε να χρησιμοποιείται από το 1948."
Μη ρωτάς,Καρβέλας,,"Μη ρωτάς αν δυο φίλοι θα μείνουμε
μη ρωτάς αν δυο ξένοι θα γίνουμε","01) με τον Κοντολάζο, 1977",,"-Από το ""Μη ρωτάς""."
Μια φορά,Γ. Μανίκας,Σώτια Τσώτου,"Αν βρεθούμε και πάλι κάποια μέρα
πρώτη εγώ θα σου πω, καλημέρα
θα σου σφίξω το χέρι
γιατί ξέρει
η καρδιά μου, καημός τι θα πει","01) Δ-955 (με τη Χριστιάνα, 1976)",,"-Από το ""Πόσο σ' αγάπησα"" (1976, Δ-955). Ενορχ. και δνση ορχ. Κ. Κλάββας."
Των τσιγγάνων ο χορός,Θόδ. Καμπουρίδης,Κ. Λίβανος,"Πάνω στη μάνα γη γεννημένη
κι απ' τον πατέρα ήλιο μαυρισμένοι
πότε γύφτοι, πότε τσιγγάνοι
όλη η ζωή τους το καραβάνι","01) Δ-274 (με τον Μ. Χριστοδουλόπουλο, 1993)",,"-Από το ""Μόνος μου""."
Βαρύς καπνός με τύλιξε,Βασ. Σούκας,Κ. Μπιλίρης,"Βαρύς καπνός με τύλιξε, /θαμπώθηκε η ματιά μου/
/απ' τη φωτιά που μ' άναψες μέσα στα σωθικά μου/","01) με τους Μπαρμπεράκη, Κολλητήρη, 1970",,"Τσάμικος.

-45άρι Pan Vox PAN 6311."
Θα μείνω,Ν. Πετρίδης,Μάρω Μπιζάνη,"Άναψα τσιγάρο κι άλλο
δε θα φύγω τ' αναβάλλω
δε θα φύγω που να πάω
βάσανό μου σ' αγαπάω","01) με τον Κωστή Χρήστου, 1977",,"-Από το ""Ένα πρωί""."
Κάτι να γυαλίζει,Βασ. Καζούλλης,Βασ. Καζούλλης,"Σου 'δινα λεφτά για τα ταξίδια
και χρυσάνθεμα απ' της Κίνας τις αυλές
πέτρες σκαλιστές για δαχτυλίδια
και φορέματα από πόλεις μαγικές","01) με τον Βασ. Καζούλλη, 1992
01) με τον Βασ. Καζούλλη, 2000, ζωντανή",,"-Από το ""Κάτι να γυαλίζει"".


-Καζούλλης (2000, ζωντανή). Από το ""Τόσες αποστάσεις""."
Un Homme Et Une Femme,"R. Barouh, F. Lal","R. Barouh, N. Croisilie",Αγγλικοί στίχοι,"01) με τον Claudio & The Skyrockets Combo

02) Οργανικό. Με τους Storks, 1967 ;",,"-Claudio. 45άρι Pan-Vox PAN 6067.


-Storks. 45άρι διαφημιστικό ROL Γ 14."
Που θέλεις να σου ορκιστώ,Σταύρος Κάξος,Σταύρος Κάξος,"Που θέλεις να σου ορκιστώ
για να πειστείς αν σ' αγαπώ
πολλές φορές σου το 'χω πει
ψυχή και σώμα μου είσαι εσύ
με τέτοιο στέρεο δεσμό
να μη φοβάσαι χωρισμό","01) με την Μ. Καζαντζή, 1967",,"Καρσιλαμάς.

-45άρι PHILIPS 6189 με τούμπα ""Φέρθηκες καλά"" (ίδια),
45άρι P.I. RECORDS PI 127 (Αμερικής) με τούμπα "";;;""."
Τ' όνομά σου δεν το ξέρω,Μπακάλης,Μπακάλης,"Τ' όνομά σου δεν το ξέρω
σου τ' ορκίζομαι
μα σε βλέπω κι υποφέρω
και ζαλίζομαι

Πες μου που μένεις, πες μου πασά μου .............................ρεφρέν
να στείλω αμέσως τα προξενιά μου
για να σε παντρευτώ
μ' έχει σκλαβώσει η ομορφιά σου
κι ότι ζητήσεις θα 'ναι δικά σου
μια και σ' αγαπώ

Απ' την ώρα που σε είδα, σ' ερωτεύτηκα
και στα δίχτυα τα δικά σου εμπερδεύτηκα.

Ρεφρέν.

Δίχως λόγια και φιγούρες και καμώματα
αν γουστάρεις σου ξηγιέμαι στεφανώματα.

Ρεφρέν.","01) με τους Δημ. Ρουμελιώτη, Δούκισσα, 19-11-1959",,"Τσιφτετέλι. Από την ταινία ""Οι κληρονόμοι του Καραμπουμπούνα"".

-45άρι COLUMBIA SCDG 2620 και αυτούσιο 45άρι COLUMBIA SCDGO 2620 (Αυστραλίας)."
Η μπαλάντα της Ελένης,Χ. Κατσιμίχας,"Θόδ. Κόκας, Κοτσιούλας","Πάει κι η Ελενη, επέθανε στη γέννα
Μεσ' το νοσοκομείο μέρα Τρίτη
Την πήραν με τα χέρια σταυρωμένα
Ότι έλεγε κι αυτή ανοίξει σπίτι 

Αχ κι ό,τι γράφει, η μοίρα δεν ξεγράφει
Πάει κι η Ελένη με τους κότσους τους ωραίους
Μόνη άφησε τη μάνα της στη σκάφη 
Να τυραννιέται με τους νοικαραίους

Αχ κι όπου να 'ταν, θα έφευγε απ' τη μάντρα
Θα γλύτωνε απ' τις λάσπες και τα κρύα
Είχε βρει πια κι αυτή δικό της άντρα
Σωστή φαινόταν πλάι του κυρία

Κι η μάνα της που καρτερούσε αγγόνια
Δεν έπαψε να κλαίει για την Ελένη
Δακρύσαμε κι εμείς που τόσα χρόνια
Την είχαμε εκεί μέσα να μας πλένει","01) Δ-530 (με τους Αγάπανθος (Χ. Κατσιμίχας), 18-3-1975)",,"-45άρι Columbia 70468. Συμπεριλήφθηκε στο ""Αναδρομή στη δεκαετία του '70"" (1990, Δ-530). Δνση ορχ. Γ. Στεφανάκης. Στους Αγάπανθος συμμετείχε ο Χ. Κατσιμίχας."
Φαινόμενο,,,"Φαινόμενο δεν είναι οι σεισμοί και οι πλημμύρες
ούτε οι διάνοιες και οι εθνοσωτήρες
φαινόμενο δεν είναι οι κεραυνοί κι οι καταιγίδες
ούτε το πως χτίστηκαν παλιά οι πυραμίδες","01) με τον Βασ. Καρρά, 1999",,Νεοτσιφτετέλι.
Μόνο ο πόνος και η θλίψη,Α. & Ν. Παναγόπουλος,Α. & Ν. Παναγόπουλος,"Σε όσους λέω το μεγάλο μου καημό
και πως φαρμάκια η ζωή μ' έχει κουράσει
όλοι μου δίνουνε κουράγιο και μου λεν'
είναι μια μπόρα της ζωής και θα περάσει","01) με τους Γ. Μακρόπουλο, Γιώ. Κωνσταντινίδη, 1962",,"Χασάπικος.

-45άρι NINA N 24581."
"Φεγγάρι, αγάπη, χωρισμός",Γιά. Σπάθας,Μαν. Λιδάκης,"Φεγγάρι, αγάπη, χωρισμός, ήλιος, καρδιά και σκέψη
Θέ μου, θεριά που προσπαθεί, /άνθρωπος να παλέψει/.","01) με τον Λιδάκη, 1998",,"Από το ""Ο ήλιος του Γενάρη""."
Και σου το 'πα να προσέχεις,Τ. Σούκας,Ν. Λουκάς,"Μην ξεφεύγεις απ' το θέμα τ' ασυγχώρητο
από το δικό σου ψέμα
έχω φτάσει ως το τέρμα
στ' απροχώρητο","01) Δ-387 (με τον Μαργαρίτη, 1991)",,"Ζεϊμπέκικος.

-Από το ""Άκου τι σου λέω"" (1991, Δ-387)."
Στα παλιά μου τα παπούτσια,Ζ. Ιακωβίδης,Πυθαγόρας,"Όλο μου ρίχνεις απειλές
όλο πως θα μου φύγεις, λες
λες και κρεμιέμαι από σε
γι' αυτό σ' ακούω βερεσέ","01) Δ-866 (με την Ξανθή Περάκη, 1979)",,"Τσιφτετέλι.

-Από το ""Μελαχρινάκι"" (1979, Δ-866)."
Μαύρη ζωή μακριά σου,Μπακάλης,Μπακάλης,"Μαύρη ζωή μακριά σου, μέρα και νύχτα περνώ
/που ξαφνικά σ' έχω χάσει κι έχω μεγάλο καημό/","01) με την Γκρέυ, 26-1-1960",,"Χασάπικος.

-78άρι HMV AO 5610 και αυτούσιο 45άρι HMV 7PG 2650 και αυτούσιο 45άρι ODEON HGRA 607. Μπουζούκια οι Μακριδάκης-Καραμπεσίνης-Μπακάλης, ακορντεόν ο Κοινούσης. κιθάρα ο Κ. Καπετάνιος, ντράμς ο Αργ. Νικολέσκο."
Τα φαρμάκια και τους πόνους,Στ. Κάξος,Στ. Κάξος,"Τα φαρμάκια και τους πόνους έχω τώρα συντροφιά
μόνος, έρημος γυρνάω στα σοκάκια στα στενά","01) με τον Άκη Βεντούρη, 1969",,"Καρσιλαμάς.

-45άρι PHILIPS 6359."
"Εισαγωγή
1. Ο Ζανέτος στο ράδιο
2. Gringlish Ορχηστρικό
3. Με τις τσέπες αδειανές",Aman America,,"Εισαγωγή

1. Ο Ζανέτος στο ράδιο
2. Gringlish Ορχηστρικό
3. Με τις τσέπες αδειανές","01) με τους Aman America, 1995",,"-Aman America. Από το ""Cafe Aman America""."
Ώσπου να ξημερώσει,Γιά. Κύρμος,Γιά. Κύρμος,"Ώσπου να ξημερώσει
ε, ρε καρδιά πόσους καημούς σου έταξα
να μ' αγκαλιάζεις και να ονειρευτώ
ε, ρε καρδιά ότι κι αν πέρασα
στη θύμησή σου ζω κι αυτό το βράδυ","01) με τους Απέναντι-Φώτη Θεοδωρίδη, 2002",,"-Από το ""Μικρή αγάπη""."
Ο γέρο Στάθης,Χρ. Πανούτσος,Χρ. Πανούτσος,"Βαριά βογκούν τα τρίκορφα κι η καστανιά εμαράθει
ο σταυραϊτός της Ζήρας μας μας έφυγε κι εχάθει
τον κλαιν' της Ζήρειας τα βουνά τον κλαιν' και τα χωριά της","01) με τον Χρ. Πανούτσο, 1961",,"Τσάμικος.

-45άρι PARLOPHONE GDSP 2623. Κλαρίνο ο Βασ. Σαλέας."
Έφυγα,Γαλάνη,Νικολακοπούλου,"Έφυγα γιατί έπρεπε να μείνω αλλιώς
έφυγα γιατί άνοιξε ο καημός μου ο παλιός","01) με τη Γαλάνη, 1995",,"-Από το ""Ανάσα, η τέχνη της καρδιάς""."
Μια μέρα θα γυρίσεις,Ελ. Παπαδόπουλος,Μάνεσης,"Αν ζεις μακριά σ' άλλα μέρη
σε κόσμους καινούργιους κι αν πας
για μένα σου μιλά και τ' αγέρι
κι αν αλλού τα φιλιά σου
τα σκορπάς, μ' αγαπάς","01) με τον Σώτο Παναγόπουλο, 3-4-1954",,"Μπιγκίν.

-78άρι HMV AO 5179. Δνση ορχ. Κ. Σεϊτανίδης."
Με τον τίμιο ιδρώτα,Βασ. Σούκας,Ι. Καλαντζής,"Είμαι δίκαια, στο λέω και στον κόσμο το φωνάζω
όσο και κακιά να γίνω, χαρακτήρα δεν αλλάζω","01) με τη Μαρία Σαλτού, 1969 @@ (ΕΙΝΑΙ ΜΙΣΟ)",,"Τσάμικος.

-45άρι Pan-Vox PAN 6161 με τούμπα ""Το φτωχό μας το καλύβι"" (ίδια)."
Όλα χάθηκαν μαζί με σένα,Καραμπεσίνης,Καραμπεσίνης,"Που πήγες γιατί έφυγες από κοντά μου
και γέμισες με πόνο την καρδιά μου
και τώρα ζω μες στα σκοτάδια
κι έχω για συντροφιά τα βράδια
τη μοναξιά","01) με τους Λύδια, Καραμπεσίνη, 1967",,"Χασάπικος.

-45άρι COLUMBIA SCDG 3742."
Ιδιωτική στιγμή,Μαυρουδής,Χατζιδάκις,"Ένας παπάς από τ' αντικρινό παράθυρο
κοιτάζει που κομάμαι
θέλει να διαπιστώσει που έχω τα χέρια μου
πάνω ή κάτω από το προσκεφάλι","01) με την Αρλέτα, 1977",,"-Από το ""Παιδί της γης""."
Τις θυσίες που 'χω κάνει,Στρ. Πελαγίδης,Κολοκοτρώνης,"Τις θυσίες που 'χω κάνει κι όσα τράβηξα για σένα
όλα πήγανε χαράμι, όλα πήγανε χαμένα
κι όμως πάλι σ' αγαπώ.
Η καρδιά μου σε ζητάει
και μια μέρα δεν περνάει
/τ' όνομά σου να μην πω/.

Παντοτινά θα σ' αγαπώ, καμάρι μου θα σ' έχω
/και σαν τα μάτια μου τα δυο εγώ θα σε προσέχω/.

Με λαχτάρες και νυχτέρια την αγάπη σου πληρώνω
όμως μες στα δυο σου χέρια λησμονώ τον κάθε πόνο
και την κάθε συμφορά
Μόνο μες στην αγκαλιά σου
και με τα γλυκά φιλιά σου
/νιώθω τι θα πει χαρά/.

Παντοτινά θα σ' αγαπώ, καμάρι μου θα σ' έχω
/και σαν τα μάτια μου τα δυο εγώ θα σε προσέχω/.","01) 45άρια (636ος, με την Π. Πάνου, 1964) @@@",,-(636ος) 45άρι NINA N 24743.
Ψάχνουμε στα δύσκολα,Νικολόπουλος,Γ. Κλεφτογιώργος,"Θέλω να μου λες απλά, ότι σκέφτεσαι για μένα
εντελώς αυθόρμητα κι όχι προγραμματισμένα","01) Δ-804 (με την Αθηναϊκή Κομπανία-Σ. Εμφιετζή, 1985)",,"Ζεϊμπέκικος.

-Από το ""Πολιτικώς αντίθετοι, μα η αγάπη-αγάπη"" (1985, Δ-804)."
Πολλές φωτιές με τριγυρνούν (Σουλτανί μανές),παραδοσιακό,παραδοσιακό,"Πολλές φωτιές με τριγυρνούν, μα μια είναι που με καίει
μονάχος μου την άναψα, κανένας δεν μου φταίει","01) με τον Ευάγγ. Σωφρονίου, 1929",,"Αμανές.

-Σωφρονίου. 78άρι Columbia 18062 (Αγγλίας), με υπότιτλο ""Σουλτανί μανές""."
Τι 'σαι εσύ και τι 'μαι εγώ,Μακριδάκης,Μακριδάκης,"Τι 'σαι εσύ και τι 'μαι εγώ για να κάνω ότι λες
/φτάνει πια τόσο καιρό, μου 'δινες διαταγές/.","01) με τους Δούκισσα, Χρηστάκη, 9-10-1962",,"Συρτός.

-45άρι HMV 7PG 3239 και αυτούσιο 45άρι ODEON HGRA 1081. Ακορντεόν: ΚΟΙΝΟΥΣΗΣ ΓΙΩΡΓΟΣ, Κλαρίνο: ΒΑΣΙΛΟΠΟΥΛΟΣ ΓΙΑΝΝΗΣ, Μπουζούκι: ΚΑΡΑΜΠΕΣΙΝΗΣ ΓΙΑΝΝΗΣ, Μπουζούκι: ΜΑΚΡΥΔΑΚΗΣ ΣΤΕΛΙΟΣ."
Προσευχή του καλού ραγιά,Άκης Πάνου,Άκης Πάνου,"Σ' ευχαριστώ Θεούλη μου, που μ' άφησες να ζήσω
άλλη μια μέρα τον αγά να τον υπηρετήσω","01) με τον Νταλάρα, 1982",,"-Από το ""Θέλω να τα πω""."
Τα παραθύρια σου κλειστά,Βοσκόπουλος,Ηλ. Λυμπερόπουλος,"Άδειασαν οι στράτες
από τους διαβάτες
κι εγώ δίχως ταίρι
χαμένο περιστέρι

Σ' ένα στενό, πικρό στενό
στριφογυρίζω και πονώ
τα παραθύρια σου κλειστά
κι η πόρτα αμπαρωμένη
στα σκαλοπάτια σου μπροστά
κάποια καρδιά πεθαίνει","01) με την Μπέμπα Διαμαντοπούλου, 1970",,"Ζεϊμπέκικος.

-45άρι Polydor 2061058."
Της καρδιάς σου ο βασιλιάς,Γιώ. Δημητριάδης,Γιώ. Δημητριάδης,"Εύχομ' όπου κι αν είσαι
να θυμάσαι τη στιγμή
δυο λεπτά τα μάτια κλείσε
νιώσε το, ήταν σαν γιορτή",01) με τον Γιώ. Δημητριάδη,,
Τέτοια ώρα ήταν χτες,παραδοσιακό,παραδοσιακό,"Τέτοια ώρα ήταν εχθές
τέτοια και παραπροχτές
που .......................
..............................
   -Γεια σου Αραπάκη ........................ (γυναικεία φωνή)

Και στη μέση στο χορό
.....................................
   -Γεια σου Γιαούζο μου, με το κλαρίνο σου (φωνή Ρίτας ;)","01) με τον Αραπάκη, 1934",,"Τσάμικος.

-Αραπάκης. 78άρι HMV AO 2203, με δημιουργό τον Δ. Καλλίνικο. Κλαρίνο ο Κ. Γιαούζος, βιολί ο Σέμσης."
Στου πόνου το κρεβάτι,Καζαντζίδης,Βίρβος,"Τώρα που όλα πέρασαν και βρήκα την υγειά μου
μανούλα μου σ' ευχαριστώ με όλη την καρδιά μου.","01) 45άρια (11ος, με τους Καζαντζίδη, Μαρινέλλα, 7-9-1961)","1) ΒΙΡΒΟΣ σελ. 75 ""1961.Το τραγούδι αυτό το έγραψα φεύγοντας από το Νοσοκομείο Ερυθρός Σταυρός, όπου είχα πάει να επισκεφθώ τον Καζαντζίδη όταν έκανε εγχείρηση στο στομάχι του""

2) ΣΤΕΛ. ΚΑΖ. (ΜΠΑΛΑΧΟΥΤΗ) σελ. 358 ""1961""","Ζεϊμπέκικος.

-45άρι HMV 7PG 3020 και αυτούσιο (11ος) 45άρι HMV 7PGO 3020 (Αυστραλίας). Ακορντεόν: ΚΟΥΛΑΞΙΖΗΣ ΓΙΩΡΓΟΣ, Βιολί: ΚΟΡΟΣ ΓΙΩΡΓΟΣ, Κιθάρα: ΔΕΔΕΣ ΙΩΑΝΝΗΣ, Μπαγλαμάς: ΠΕΤΣΑΣ ΠΑΝΑΓΙΩΤΗΣ, Μπουζούκι: ΛΕΜΟΝΟΠΟΥΛΟΣ ΧΑΡΗΣ, Μπουζούκι: ΧΙΩΤΗΣ ΜΑΝΩΛΗΣ, Ντράμς: ΛΙΒΙΕΡΑΤΟΣ ΣΠΥΡΟΣ."
Κίτρινη ομπρέλα,Α. Βασιλάκης,Α. Βασιλάκης,"Ταραταταμ, χτυπάει η βροχή
στην κίτρινη ομπρέλα που έχω ανοιχτή","01) Δ-136 (με την Αλ. Κανελλίδου, 1981)",,"-Από το ""Αν ξαναγεννιόμουνα"" (1981, Δ-136)."
Απ' τον καιρό που έφυγες (Η λαβωματιά) (Ο τόπος πια δε με χωρεί),Αντ. Μπουγαδάκης,Τ. Αγριανίτης,"Απ' τον καιρό που έφυγες το σπίτι μας ρημάζει
σταλιά-σταλιά το δάκρυ μου στα φυλλοκάρδια στάζει

Κάθε μέρα που περνάει, είναι μια λαβωματιά
την ανοίγει το μαχαίρι, όσο παίρνει πιο βαθιά","01) με τους Μαν. Μισισσίδη, Λίτσα Βανετσάνου, 1964

02) με τους Αντ. Μπουγαδάκη, Σούλα Λακοπούλου, 1966",,"Ζεϊμπέκικος.

-Μισισίδης. 45άρι OSKAR OS 321 και αυτούσιο 45άρι baladeur BR 321 (1971). Μπουζούκι ο Μπουρνέλης, κιθάρα ο Θόδ. Καπλέρης.


-Μπουγαδάκης. 45άρι ΧΡΥΣΟ ΜΙΚΡΟΦΩΝΟ 515,
 45άρι ΧΡΥΣΟ ΜΙΚΡΟΦΩΝΟ 417,
45άρι ΧΡΥΣΟ ΜΙΚΡΟΦΩΝΟ GMC 515. Με τίτλο ""Ο τόπος πια δε με χωρεί""."
Τεμπελιά,Τάκης Ανδρούτσος ή Δημ. Ψαριανός,Γιώ. Σουρής,"Δεν έχω κέφι για δουλειά
πάλι με παίρνει η τεμπελιά
κι όλο γυρνώ στο στρώμα
βρίσκω το σώμα μου βαρύ
κι όλη η γη δε με χωρεί
κι ο ουρανός, ακόμα","01) Δ-548 (με τον Γκαϊφύλλια, 1971)

02) με τον Μεγαβάτη",,"-Γκαϊφύλλιας. Από το ""Ωτοστόπ. Που πας αφέντη μέρμηγκα"" (1971, Δ-548), σε μουσική Δημ. Ψαριανού.


-Μεγαβάτης. Σε μουσική Τάκη Ανδρούσου."
Μια ματιά μελαχρινή,Νικολόπουλος,Θόδ. Ποάλας,"Μια ματιά μελαχρινή
λάγνα και αμαρτωλή
μια ματιά σαν μαχαιριά
μου καρφώνει την καρδιά.","01) με τον Μιχ. Δημητριάδη, 2001",,"Τσιφτετέλι.

-Από το ""Τα πεντακάθαρα"".
Ο Αλ. Αλεξάνδρου και ο Θόδ. Ποάλας, είναι το ίδιο πρόσωπο, ψευδώνυμα και τα δύο, με άγνωστο πραγματικό όνομα."
Σε λέν' αγάπη,Βασ. Δημητρίου,Αναστασία Νικολάου,"Έχω ένα φθινόπωρο στα μάτια 
και δυο χρυσάνθεμα στα χέρια
και μια καρδιά σαράντα δυο κομμάτια
όσα και τα χρόνια που σε περιμένω.","01) με την Κατερίνα Κούκα, 2000",,"-Από το ""Τα όνειρα μαλώνουν""."
Σου σφυρίζω,Γιώ. Μουζάκης,Γιώ. Οικονομίδης,"Χίλιες βραδιές στο δικό σου στενό ξημερώνω
χίλιες καρδιές δε θ' άντεχαν σ' αυτό τον καημό","01) Δ-854 (με τον Τώνη Μαρούδα, 1960)

02) με τον Πάριο, 1988",,"-Μαρούδας (1960). 45άρι HMV 7PG 2611 και αυτούσιο 45άρι HMV 7PGO 2611 (Αυστραλίας) και αυτούσιο 45άρι ODEON HGRA 533. Συμπεριλήφθηκε στο ""Αξέχαστη εποχή"" (1982, Δ-854).


-Πάριος. Από το ""Τα ερωτικά του '50""."
Μαζί σου πως να ζήσω,Τ. Λαβίδας,Τ. Λαβίδας,"Τι κλαις και βασανίζεσαι αφού δεν έχεις μπέσα
ο σατανάς κυρίευσε στα σωθικά σου μέσα.

Αχ, δε σου άξιζε καρδιά, /σε σένα να/ χαρίσω ...........ρεφρέν
είσαι γυναίκα άπιστη, /μαζί σου πως/ να ζήσω.

Σαν θα περάσει η νιότη σου και τη ζωή γνωρίσεις
θα κλαίς για όσα μου 'κανες και θα μετανοήσεις.

Ρεφρέν.

Είσαι γυναίκα δίχως νου, μα θα 'ρθει κάποια μέρα
στην πόρτα μου θα 'ρθείς να κλαις, μα θα σε κάνω πέρα.

Ρεφρέν.","01) με τον Καζαντζίδη, 12-7-1955",,"Ζεϊμπέκικος.

-78άρι HMV AO 5270,
78άρι HMV JOG 205 (Αγγλίας), με τούμπα "";;;"",
45άρι HMV 7PG 3453 (1963). Κιθάρα: ΧΡΥΣΙΝΗΣ ΣΤΕΛΙΟΣ, Μπαγλαμάς: ΔΕΡΒΕΝΙΩΤΗΣ ΘΕΟΔΩΡΟΣ, Σαντούρι: ΛΑΒΙΔΑΣ ΤΑΚΗΣ."
Ψάχνω το τραγούδι,,,"Ήτανε νύχτα κι ήτανε πρωί
ήταν η αγάπη σου πικρό φαρμάκι
θα 'ναι τραγούδι, θα 'ναι προσευχή
θα 'ναι η αλήθεια μου στην αυταπάτη",01) με τη Μελ. Κανά,,
Οι φτωχιές έχουν αξία,Κατ. Αλεξάκη,Π. Ανέμελης & Φώτ. Παναγιωτίδης,"Ερχόσουν και μου ζήταγες οι δυο ν' αγαπηθούμε
/και τώρα μου ζητάς λεφτά, προίκα, να παντρευτούμε/.","01) με την Ανθ. Μπουζάνη, 1970",,"Συρτός.

-45άρι astron AS 322. Κλαρίνο ο Μάκης Μπέκος, βιολί ο Ηλ. Σούκας."
Χρονιάρα μέρα γιατί να κλαίτε,Μπακάλης,Μπακάλης,"Πάψε μητέρα κι εσύ πατέρα, χρονιάρα μέρα να κρυφοκλαίτε
και στο τραπέζι το γιορτινό μας, τα βάσανά σας να σιγολέτε","01) με τους Αναγνωστάκη, Άννα Χατζηδάκη, Αιμιλία Χατζηδάκη, 1962",,"Διμερής ρυθμός. Μάλλον ινδικό.

-45άρι ODEON DSOG 2810."
Η σκουριασμένη κλειδαριά,Ν. Σαρρημανώλης,Ν. Σαρρημανώλης,"Μια σκουριασμένη κλειδαριά, έχασε το κλειδί της
άλλος κανείς δεν έφταιξε, παρά η κεφαλή της","01) με τον Ν. Σαρρημανώλη, 1970",,"-45άρι CRITI CR 103, με τούμπα "";;;""."
Ακούστε φίλοι και γνωστοί,Χρυσίνης,Χρυσίνης,"Ακούστε φίλοι και γνωστοί τραγούδια πονεμένα
τα λέω για πολλές καρδιές, μα είναι και για μένα","01) με τον Δημ. Ζιάκα, 1966",,"Καρσιλαμάς.

-*45άρι APOLLON 1235. Δνσ ορχ. Τ. Εσδράς."
Οι χωρισμένοι μπορούν,Ν. Ζέρβας,Ν. Βαξεβανέλης,"Σε γνώρισα στο δικαστήριο
που έπαιρνες το διαζύγιο","01) με τον Ζαφ. Μελά, 1992",,"-Από το ""Ο καιρός του Ζαφείρη"". Στο πίσω μέρος του δίσκου γράφει: ""Αφιερώνω το δίσκο αυτό στη μνήμη του αξέχαστου φίλου και συνεργάτη Ανδρέα Σπυρόπουλου που έφυγε τόσο νωρίς από την παρέα μας. Ζαφείρης - Ιούνιος 1992¨."
Πρόσφυγες κυνηγημένοι,Θόδ. Καμπουρίδης,Χαψιάδης,"Απ' της Σμύρνης τ' ακρογιάλια
κι απ' του Πόντου τις αυλές
φτάσαμε ξεριζωμένοι
μες στις φτωχογειτονιές.

Πρόσφυγες κυνηγημένοι ..............................ρεφρέν
μια ζωή αδικημένοι
στοιβαγμένοι σε παράγκες
να μας πνίγουν οι ανάγκες
πρόσφυγες κυνηγημένοι
μια ζωή κυνηγημένοι
τους καημούς μας τραγουδάω
υποφέρω και πονάω.

Απ' τα σπίτια μας διωγμένοι
στην πικρή τη προσφυγιά
και στο αίμα βουτηγμένη
η μισή μας η γενιά.

Ρεφρέν.","01) Δ-456 (με τους Καζαντζίδη, Διαμάντη, Αδαμαντίδη, 1987)
02) με τον Καζαντζίδη, 1987. Από πρόβα στον Στούντιο",,"-Από το ""Ο δρόμος της επιστροφής""."
Γλυκό μου φεγγάρι,Χρ. Χαιρόπουλος,Χρ. Χαιρόπουλος,"Ασήμι βρέχει η σελήνη απ' τον ουρανό
και την Αθήνα απόψε μόνη τυλίγει
τον πόνο ξέρει ν' απαλύνει με φως της αχνό
που κάθε λύπη ασημώνει και πνίγει","01) με τις Ζωή Μάγγου, Έφη Παππά, 1966",,"-45άρι Athenee AT 5133 και αυτούσιο 45άρι Melody MG 116 και αυτούσιο 45άρι Melody MG 118 με τούμπα ""Έλα να ντυθούμε μασκαράδες"" (ίδιες). Πιάνο ο Χαιρόπουλος."
Όποιος χώρισε,Θάνος Γεωργούλας,Τασούλα Θωμαΐδου,"Που βραδιάζει η αγάπη που τη ξεγελάς
δυο καρδιές στο ίδιο σώμα έλεγαν για μας
θα σου στείλω σ' ένα γράμμα μια επιστροφή
κρέμεται το όνειρό μας από μια κλωστή.","01) με τον Μητροπάνο, 2003",,"Χασάπικος.

-Από το ""Θα είμαι εδώ""."
Οι συμπέθεροι,Σιδερής Αντωνίου,Σιδερής Αντωνίου,"Να ζήσουνε συμπέθερε, να ζήσουν τα παιδιά μας
η μεγαλύτερη χαρά, τώρα στα γηρατειά μας","01) με τους Σιδερή Αντωνίου, Σ. Σιβρή, 1969",,"Συρτοτσιφτετέλι.

-45άρι BRAVO B.R. 24101, με τούμπα ""Στου χωριού το πανηγύρι"" (ίδιος),
45άρι RECOR ;;; 111."
Βρήκα λιμάνι κι άραξα,Γιά. Μάνος,Γιά. Μάνος,"Βρήκα λιμάνι κι άραξα για να ξεχάσω εσένα
κι απ' τους παλιούς μου έρωτες δε σκέπτομαι κανένα","01) με τον Γιά. Μάνο, 1965",,"-45άρι POPULAR ΑΡ 6102. Δεν ακούγεται 2η φωνή, αν και ο δίσκος αναφέρει την Κ. Βασιλάκη."
"Να, γιατί ακόμα σ' αγαπώ",Κ. Γιαννίδης,Κ. Γιαννίδης,"Έχεις δυο μάτια βελουδένια
μάτια γλυκά, παραμυθένια
που σαν με κάνουν να πονέσω πολύ
με βαλσαμώνει μια ματιά τους τρελή","01) με τη Βέμπο, 1936",,"Τανγκό.

-78άρι HMV AO 2285."
Heart Of Child,Gist,Greene,Αγγλικοί στίχοι,"01) με την Τάμμυ, 1966",,-45άρι Pan-Vox PAN 6079. Παίζει η ορχ. του Βαγγ. Παπαθανασίου.
Κι αν γύρναγες στα κέντρα,Τ. Σούκας,Γιώ. Βρούβας,"Σε κάποια εφημερίδα
στην τέταρτη σελίδα
το διάβασα πως γλένταγες
πως ήρθες στο μεράκι
μα είχες το σαράκι
και παραμύθι γέλαγες.","01) Δ-462 (με τον Θαν. Κομνηνό, 1984)",,"Τσιφτετέλι.

-Από το ""Λαϊκά και πάσης Ελλάδος"" (1984, Δ-462)."
Αναφορά,Ζαμπέτας,Σαρ. Αλιβιζάτος,"Δάσκαλε, τα τραγούδια που μου άφησες ...


Έσβησε η λάμπα, όλα μαύρα, παγωμένα, σκοτεινά
κι ένα καράβι, γεια σου Ελλάδα, απ' την κάμαρα περνά","01) Δ-742 (με την Έφη Κοντού, 1993)",,"Χασάπικος.

-Από το ""Γεια σου έρωτα"" (1993, Δ-742)."
Συρτός Ξεροκαμπίτικος (Στου Ξεροκάμπου τα βουνά),Σταμ. Χατζηδάκης,Σταμ. Χατζηδάκης,"Στου Ξεροκάμπου τα βουνά, εγύριζα τα βράδια
τ' αρνάκια μου είχα συντροφιά, στα πράσινα λαγκάδια

Και στα γλυκοχαράματα, τ' αρνάκια μου ξυπνούσαν
κι οι πέρδικες στις ρεματιές, για μένα τραγουδούσαν

Θεέ μου πως θα στερηθώ, τα μάτια μου σαν κλείσω
βουνά και δέντρα πράσινα, σκέφτομαι πως θ' αφήσω","01) με τις Άννα & Αιμιλία Χατζηδάκη, 26-10-1950",,"Συρτός.

-78άρι HMV AO 2985. Βιολί: ΔΡΑΓΑΤΣΗΣ ΓΙΑΝΝΗΣ (ΟΓΔΟΝΤΑΚΗΣ), Κιθάρα: ΧΡΥΣΙΝΗΣ ΣΤΕΛΙΟΣ, Σαντούρι: ΧΑΤΖΗΔΑΚΗΣ ΣΤΑΜΑΤΗΣ."
Ούτε που ρώτησα,Σπανός,Λ. Νικολακοπούλου,"Γυρεύω ησυχία πολλά είδα κι έπαθα
σε κάτι τζάμια κρύα τον πόνο μου έγραφα
το ξέρω το παιχνίδι τ' άσπρο πουκάμισσο
το σώμα μου αντικλείδι για τον παράδεισο","01) με τον Λιδάκη, 1990",,"-Από το ""Ούτε που ρώτησα""."
Αστραφτοκόπησαν τα μαχαίρια,Καλδάρας,Καλδάρας,"Σε κάποιο γλέντι ανάβει μια φωτιά
/πέντ'-έξι αγόρια καίνε τα χαρτιά/
δεν ξαναπάνε πια στην ξενιτιά","01) Δ-156 (με τον Κλωναρίδη, 1981)",,"Ζεϊμπέκικος.

-Από το ""Η συνάντηση"" (1981, Δ-156)."
Κλαψ' απόψε μπαγλαμά μου,Γενίτσαρης,Γενίτσαρης,"//Κλάψ' απόψε μπαγλαμά μου//
/το σικλέτι της καρδιάς μου/
που μου τρώει τα σωθικά μου.

//Μπαγλαμά μου φιλντισένιε//
/λίγο παρηγόρησέ με/
γιατί ο δόλιος τυραννιέμαι.

//Παίξε απόψε με μεράκι//
να μου βγάλεις το σαράκι
που 'χω μέσα στην καρδιά μου
και μου τρώει τα σωθικά μου.

//Μπαγλαμά μου συντροφιά μου//
δε σ' αφήνω από κοντά μου
πάντα εσένα θα κρατάω
και στον άλλο κόσμο αν πάω.","01) με τους Γενίτσαρη, Αλεξίου, 1982",,"Ζεϊμπέκικος.

-Από το ""Οι μεγάλοι του ρεμπέτικου Νο 12""."
Ο βλάχος,Μητσάκης,Μητσάκης,"Σε μεγάλη πολιτεία αν θα πάω θα χαθώ
θα καθίσω στο χωριό μου, νηστικός κι ας κοιμηθώ.   1,2,1

/Κι ας με λένε βλάχο/ ………..ρεφρέν
θέλω το κεφάλι μου ήσυχο να 'χω.

Την αράζω στα πλατάνια στο τρεχούμενο νερό
κι αν μου φύγει ο γάϊδαρός μου παρακάτω θα τον βρω.    1,2,1

Ρεφρέν.

Στου χωριού μου την πλατεία την περνάω τη βραδιά
κάνουν βόλτα τα κορίτσια πίνουν ούζο τα παιδιά.

Ρεφρέν.","01) με τον Γιώ. Μοντεχρήστο, 1964",,"Συρτός.

-45άρι PHILIPS 7947 με τούμπα ""Ο ζητιάνος""."
Πάρε με στην αγκαλιά σου,Μανησαλής,"Χαρ. Βασιλειάδης, Τάσ. Μαστοράκης","Κάτσε λίγο στο ντιβάνι, να με δεις και να σε δω
έχεις μέρες, βάσανό μου, να περάσεις από δω.

Κάθισε κι αγκάλιασέ (φίλησέ) με ......……….ρεφρέν
και γι αγάπη μιλήσέ με
και θα μείνουμε παρέα, όμορφη ζωή
πάρε (σφίξε) με στην αγκαλιά σου
να χορτάσω τα φιλιά σου
όταν μείνουμε παρέα μέχρι το πρωί.

Κάτσε λίγο στο ντιβάνι, να μου πεις και να σου πω
θα μου κάνεις το χατίρι, αφού τόσο σ' αγαπώ.

Ρεφρέν.

Ρεφρέν.","01) με τους Κάπαρη, Ρία Κούρτη, 1961",,"Τσιφτετέλι.

-45άρι MONDE CARLO MO 915. Ακορντεόν ο Λ. Κουλαξίζης."
Το παράπονο του αλήτη,Χατζηχρήστος,Χατζηχρήστος,"Αλήτη μ' είπες μια βραδιά, χωρίς καμιά αιτία
/μα του αλήτη η καρδιά δε σου κρατάει κακία/","01) με τους Χατζηχρήστο, Γ. Κωνσταντινίδη (Μακαρούνας), 1939

02) 45άρια (302ος, με τους Στράτο, Μ. Κωνσταντινίδου, 1961, σε ένα σχήμα με τίτλο ""Το παράπονο του αλήτη / Η μανούλα""

03) Δ-364 (με τον Πάνο Μαρίνο, 1975)

04) Δ-277 (με την Μπέλλου, 1980)
05) με την Μπέλλου, ζωντανή

06) Δ-104 (με την Αθηναϊκή Κομπανία-Χρ. Κανελλόπουλος, 1983)

07) με τον Παν. (Τζώνυ) Μαυρόπουλο, 1973

08) με τον Ζαγοραίο, 1976

09) με τη χορωδία Καλαμάτας Ορφεύς, 1965","1) ΡΕΜΠ. ΑΝΘ. σελ. 163, Δ

2) ΡΕΜΠ. ΤΡΑΓ. σελ. 56 ""ζεϊμπέκικο του Χατζηχρήστου. Δίσκος του 1938 (;)""

3) ΜΙΚΡΑ ΡΕΜΠ. σελ. 61 ""ζεϊμπέκικο του Χατζηχρήστου, 1938 (;)""","Ζεϊμπέκικος.

-Στράτος, Μ. Κωνσταντινίδου (1961). (302ος) 45άρι PHILIPS 7731. Ο δίσκος αναφέρει δημιουργούς τους Ζαμπέτα-Χ. Βασιλειάδη-Στράτο.


-Μαρίνος. Από το ""Ρεμπέτικα και άλλα"" (1976, Δ-364).


-Μπέλλου (1980). Από το ""Τραγούδια του Απόστολου Χατζηχρήστου 10"" (1980, Δ-277). Μπουζούκι ο Ζαφειρίου.


-Αθηναϊκή Κομπανία. Από το ""Το μινόρε της αυγής"" (1983, Δ-104).


-Μαυρόπουλος. 45άρι αθηναία ΑΘ 110, με τίτλο ""Ο αλήτης"".


-Ζαγοραίος. Από το ""Αλανιάρικα"".


-Χορωδία Καλαμάτας Ορφεύς (1965). Από το ""12 Παλιές λαϊκές επιτυχίες"" (1965)."
Όταν είμαι κοντά σου,K. Panas,K. Munro - απόδοση στα ελλην. Σέβη Τηλιακού,"Δεν ξέρω γιατί
εγώ η τόσο δυνατή
σαν είμαι κοντά σου
να μεθώ με τα φιλιά σου
να ζαλίζομαι, δεν ξέρω γιατί","01) Δ-947 (με τη Βίκυ Λέναδρος, 1971)",,"-45άρι PHILIPS 6060119. Από το ""Μόνο εσύ"" (1972, Δ-947)."
Καημέ μεγάλε μου,Σταύρος Κάξος,Δ. Τσιτομενέας,"Για τα δυο γλυκά σου χείλη /τη ζωή μου χαλαλίζω/
της καρδιάς μου τ' αντικλείδι μες στα χέρια σου κρατάς
τι άλλο μου ζητάς","01) με τον Αιγύπτιο, 1978",,"Καρσιλαμάς ;

-Από το ""Η αγάπη είναι θυσία"". Β' φωνές οι αδελφές Παπαγεωργίου."
Να ήξευρα στη μαύρη γης (Γκιουζέλ μανές),παραδοσιακό,παραδοσιακό,"Να ήξευρα στη μαύρη γης θα βρω τον ίδιο κόσμο
   -γεια σου Φιστιξή, με το τσίμπαλό σου   (φωνή Παπασιδέρη)
θα βρω τους φίλους που γλεντώ ή τα σκουλήκια μόνο
   -γεια σου Παπασιδέρη, ντερβίση μου (φωνή Φιστιξή ;)","01) με τον Παπασιδέρη, 1931",,"Αμανές.

-78άρι ODEON GA 1588. Βιολί ο Σέμσης, λαούτο ο Σιδέρης Ανδριανός και τσίμπαλο ο Μανώλης Φυστιξής."
Δε με πειράζει,Κ. Παπαδόπουλος,Γιά. Κιούρκας,"Φύγε από μένα, πήγαινε όπου θες
δε με πειράζει αν κλαίω ή αν κλαις
θέλω να ζήσεις γιαπάντα ευτυχισμένα
αφού χαρά δε βρήκες από μένα","01) με τους Μυτιληναίο, Β. Γεωργούτη, 1968",,-45άρι HMV 7PG 3758 και αυτούσιο 45άρι HMV 7PGO 3758 (Αυστραλίας).
Φίλε μου,Στ. Φωτιάδης,Ε. Ρουμελιώτης,"Φίλε μου τι έχεις και με κοιτάς σκυφτός
φίλε μου για πες μου σα να 'μαι αδερφός","01) με τους Νοστράδαμος, 1973",,-45άρι Zodiac ZS 8320.
Κυρά Βαγγελιώ,παραδοσιακό,παραδοσιακό,"   (κα Κούλα)
Ένα νερό κυρά Βαγγελιώ
ένα νερό κρύο νερό
γιε μ' και πούθε κατεβαίνει
Βαγγελιώ μου παινεμένη

Ποτίζει δε-κυρά Βαγγελιώ,
ποτίζει δέντρα και κλαδιά
και σε περιβόλι μπαίνει
Βαγγελιώ μου παινεμένη

Ποτίζει δέ-κυρά Βαγγελιώ,
ποτίζει δέντρα και κλαδιά
λεμονιές πορτακαλίτσες
γεια χαρά σας κοπελίτσες

Ποτίζει και-κυρά Βαγγελιώ,
ποτίζει και μια λεμονιά
που την είχα εδική μου
στη .............................","01) Δ-522 (με τη Β. Πάλλα, 1963)

02) με τον Αραπάκη, 1930

03) με την κα Κούλα (Αντωνοπούλου), 1920

04) με τον Βιδάλη, 1925

05) με τον Καναρίδη

06) με την Παπαγκίκα, Ιούλ. 1919

07) με τη χορωδία Ν. Τσιλίφη, 1960

08) με τον Πέτρο Δουκάκη, 1927

09) με τον Μπενέτο, 5-5-1932

10) με τον Μενεμενλή, 1927

11) με τον Χρ. Μίληση (ή Χρηστάκι Εφέντης), 1932",,"Συρτός.

-Πάλλα. 45άρι RCA VICTOR 48g 2258 και αυτούσιο 45άρι OLYMPIC ΟΕ 80072 (1969),
45άρι RCA VICTOR 48g 2216. Συμπεριλήφθηκε στο ""Ελληνική λεβεντιά"" (1967, Δ-522). Ηχογραφήθηκε με τίτλο ""Ένα νερό κυρά Βαγγελιώ"". Δνση ορχ. Παν. Μπιλικάς.


-Αραπάκης. Μανιάτης (δισκ. 78 στρ.): 1929. Στο κλαρίνο ο Νίκος Ρέλλιας.


-Κα Κούλα. 78άρι Panhellenion Αμερικής PAN-8002.


-Βιδάλης (1925). Ηχογραφήθηκε με τίτλο ""Η Βαγγελιώ"". Μανιάτης (δισκ. 78 στρ.): αναφέρεται και 2ος δίσκος με το Βιδάλη (78άρι ORFEON RECORD 12442). Μήπως πρόκειται για μεταφορά του (Odeon Γερµανίας GA 1035 ) ;


-Παπαγκίκα. 78άρι COLUMBIA E 4782 (Αμερικής) και αυτούσιο 78άρι Columbia 7738 (Αγγλίας). Παίζουν βιολί ο Αθ. Μακεδόνας, σανούρι ο Κ. Παπαγκίκας, τσέλο ο Μάρκος Σιφνιός.


-Χορωδία Τσιλίφη. 45άρι HMV 7PG 2636. Παίζει η μανδοληνάτα Τσιλίφη και τραγουδάει η χορωδία Τσιλίφη. Σε διασκευή και εναρμόνηση Τσιλίφη, με τίτλο ""Βαγγελιώ"".


-Δουκάκης. 78άρι HMV AO 198. Βιολί ο Σέμσης.


-Μπενέτος. 78άρι VICTOR V 58105 (Αμερικής) και αυτούσιο 78άρι RCA VICTOR 38-3041 (Αμερικής). Κλαρίνο ο Κ. Καραγιάννης.


-Μενεμενλής. 78άρι Columbia 8012 (Αγγλίας). Βιολί ο Σέμσης, σαντούρι ο Αραπάκης, ούτι ο Κυριακίδης.


-Μίλησης. 78άρι Pathe 80266 (Γαλλίας) και αυτούσιο 78άρι Columbia DG 376, με τούμπα ""Μάνα μ' σγουρός βασιλικός"" (ίδιος). Συνοδεία χορωδίας. Κλαρίνο (Ν. Τζάρας), λαούτο, σαντούρι.	





-Άλλες ηχογραφήσεις: 01) με την ορχήστρα Κ. Παπαγκίκα, 1927, 78άρι Okeh 82509 (Αμερικής)."
Πάνε οι όρκοι που 'χαμε κάνει,Ιωάν. Συμεωνίδης,Απ. Μπόνης,"Το γέλιο μου 'κανες καημό και πόνο τη χαρά μου
φαρμάκι μου 'δωσες να πιω, που φέυγεις μακριά μου","01) με την Τζένη Μπόνη, 1967",,"Ζεϊμπέκικος.

-45άρι Παρθενών PAR 102. Κλαρίνο ο Κ. Ανατσελόπουλος."
Τι 'ν αυτό που το λένε αγάπη,Τάκης Μωράκης,Γιά. Φερμάνογλου (Δανάη ;),"Τι 'ν αυτό που το λένε αγάπη
τι 'ν αυτό, τι 'ν αυτό
που κρυφά τις καρδιές οδηγεί
κι όποιος το 'νιωσε το νοσταλγεί

Τι 'ν αυτό που το λένε αγάπη
τι 'ν αυτό, τι 'ν αυτό
γέλιο, δάκρυ, λιακάδα, βροχή
της ζωής μας και τέλος κι αρχή

Ποτέ ποτέ κανένα στόμα
δεν το 'βρε και δεν το 'πε ακόμα

Τι 'ν αυτό που το λένε αγάπη
τι 'ν αυτό, τι 'ν αυτό
που σε κάνει να λες το σκοπό
σ' αγαπώ, σ' αγαπώ, σ' αγαπώ

Τι 'ν αυτό που το λένε αγάπη
τι 'ν αυτό, τι 'ν αυτό
στο λεπτό που σου δίνει φτερά
κι είναι λύπη μαζί και χαρά

Τι 'ν αυτό που το λένε αγάπη
τι 'ν αυτό, τι 'ν αυτό
γέλιο, δάκρυ, λιακάδα, βροχή
της ζωής μας και τέλος κι αρχή

Ποτέ ποτέ κανένα στόμα
δεν το 'βρε και δεν το 'πε ακόμα

Τι 'ν αυτό που το λένε αγάπη
τι 'ν αυτό, τι 'ν αυτό
που σε κάνει να λες το σκοπό
σ' αγαπώ, σ' αγαπώ, σ' αγαπώ﻿","01) με την Αλεξίου, ζωντανή

02) με τους Τώνη Μαρούδα, Σοφία Λόρεν, 1957
03) με τον Τώνη Μαρούδα, 1966 ;
04) Δ-854 (με τον Τώνη Μαρούδα, 1969)

05) με τη Ρένα Βλαχοπούλου

06) με τον Πάριο, 1988

07) με τον Χατζή

08) με την Καίτη Ντένις, 26-1-1956

09) με τους Trio Los Panchos, 1961

10) με τους Έλσα Λάμπο (Λαμπίρη), Τάκη Μουζά, 1956",,"Τανγκό. Από την ταινία ""Το παιδί και το δελφίνι"".

Η Δανάη Στρατηγοπούλου υποστηρίζει ότι οι στίχοι είναι δικοί της.


-Αλεξίου (ζωντανή. Από το ""Γυρίζοντας τον κόσμο"".


-Μαρούδας, Σ. Λόρεν. Από την ταινία ""Το παιδί και το δελφίνι"".


-Μαρούδας (1966 ;). Από το ""Αγάπες"" του Τάκη Μωράκη.


-Μαρούδας (1969). Από (;) το ""30 χρόνια Τώνης Μαρούδας"" (1969). Συμπεριλήφθηκε στο ""Αξέχαστη εποχή"" (1982, Δ-854).


-Πάριος. Από το ""Τα ερωτικά του '50"".


-Ντένις. 78άρι HMV AO 5313,
45άρι HMV 7PG 2507 και αυτούσιο 45άρι ODEON HGRA 668,
45άρι HMV 7EGG 2525 (4 τραγούδια).
Το 1957 η Σοφία Λόρεν πρωταγωνίστησε στην ταινία του Jean Negulesco ""Το παιδί και το δελφίνι"", δίπλα στον Alan Ladd και στον Αλέξη Μινωτή. Σ' αυτήν την ταινία, με τον Μαρούδα, το τραγούδησαν κι έγινε παγκόσμια επιτυχία. Το τραγούδησαν πάρα πολλοί, όπως η Αλέκα Κανελλίδου, η Αλέξια, το συγκρότημα Apurimac, η Δήμητρα Γαλάνη, η Τάνια Τσανακλίδου, η Φλέρυ Νταντωνάκη, ο Γιάννης Πάριος, η Julie London, ο Κώστας Χατζής, η Νάντια Κωνσταντοπούλου, ο Πασχάλης, η Ρένα Βλαχοπούλου, το συγκρότημα Σπείρα-Σπείρα και η Χάρις Αλεξίου. Η Καίτη Ντένις μάθαινε στη Σοφία Λόρεν το τραγούδι για να το πει στην ταινία.


-Trio Los Panchos. Με τίτλο ""Boy On A Dolphin"".


-Λαμπίρη. 78άρι ODEON GA 7918. Δνση ορχ. Ζ. Ιακωβίδης.




-Άλλες ηχογραφήσεις: 01) με την Εύα Στύλ, 1960 ;, ΗΠΑ, 78άρι LIBERTY 249 (Αμερικής),
78άρι APOLLO SY 7 (Αυστραλίας),
45άρι ODEON GEOG 2533 (4 τραγούδια)."
Πεντοζάλης,Ν. Ξυλούρης,-,Οργανικό,"01) Οργανικό. Κρητική λύρα ο Ξυλούρης, 1965",,"Πεντοζάλι. Συρραφή από διάφορα.

-45άρι RCA VICTOR 48g 2506. Λαούτο ο Ι. Ξυλούρης."
Όταν σε βλέπω κούκλα μου,Χρυσίνης,Κ. Ζήτης,"Όταν σε βλέπω κούκλα μου ζαλίζομαι απ' τον πόθο
είναι μεγάλη η δίψα μου, για σένανε που νιώθω","01) με τη Μαρία Τσιγγάνα, 1961",,"Τσιφτετέλι.

-45άρι RCA 47g 2009 και αυτούσιο 45άρι RCA 47G 2009 (Αυστραλίας)."
Εσύ ήσουν ο κόσμος,Τ. Σούκας,Ν. Λουκάς,"Εσύ ήσουν ο κόσμςο, εσύ
και μ' έκανες τον κόμσο να μισήσω
ποτέ μου να μη φτάνω ως στην αυγή
απ' όλους κι από όλα να μεθύσω","01) Δ-281 (με τον Βελή, 1985)",,"Ζεϊμπέκικος.

-Από το ""Η συνάντηση"" (1985, Δ-281). Ο δίσκος αναφέρει το όνομα του Φ. Σούκα ως συνθέτη, σε όλα τα τραγούδια."
Κρίμα που δεν ξέρεις ν' αγαπιέσαι,Ν. Λαβράνος,Λ. Παπαδόπουλος,"Σταγόνα-σταγόνα μάζευα νερό
δροσιά για να σου χαρίσω
μα εσύ κάποια μέρα μου 'πες δεν μπορώ
τη δίψα μου προτιμώ","01) Δ-322 (με τη Μοσχολιού, 1980)",,"-Από το ""Βίκυ Μοσχολιού"" (1980, Δ-322)."
Πατήρ Φοίβος ολομόναχος,Φοίβος Δεληβοριάς,Φοίβος Δεληβοριάς,"Στη Σάμο και στη Σπηλιανή
την πήρα την απόφαση
καθώς φιλούσα το Χριστό
κι ένοιωθα το γυαλί ζεστό","01) με τον Φοίβο Δεληβοριά, 1995",,"-Από το ""Η ζωή μόνο έτσι είναι ωραία""."
Της θάλασσας τα κύματα,Δημ. Αποστολάκης,"Αριστ. Χαιρέτης (1η μαντινάδα), Δημ. Αποστολάκης","Της θάλασσας τα κύματα σε πήραν από μένα
αυτά ξαναγυρίσανε μα εσύ έμεινες στα ξένα

Δοκίμασα για την καρδιά κάθε λογής βοτάνι
μα της αγάπης η πληγή δεν ημπορεί να γειάνει

Στην πόρτα σου βασιλικό τινάζω και μυρίζει
κι η μυρωδιά έχει καημό κι όποιος περνά δακρύζει

Όπου κι αν είσαι θα σε βρω να ξαναρθώ κοντά σου
να τρέξω πάλι να χαθώ μέσα στην αγκαλιά σου","01) με τους Χαΐνηδες (Δημ. Αποστολάκης), 1994",,"-Από το ""Με κόντρα τον καιρό""."
Μπλε και άσπρο,Τόλης Χάρμας,Τόλης Χάρμας,"Τα γαλανά ματάκια σου, τα άσπρα σου χεράκια
τα βλέπω αγαπούλα μου και μου 'ρχονται μεράκια.","01) με το Ντούο Χάρμα, 1947",,"Ζεϊμπέκικος.

-78άρι Columbia DG 6650 και αυτούσιο 78άρι COLUMBIA 7267 F (Αμερικής) και αυτούσιο 78άρι Columbia DT 292 (Τουρκίας). Μπουζούκι ο Μητσάκης. Το 1ο τραγούδι του Τ. Χάρμα που πέρασε στη δισκογραφία."
Στου νιόγαμπρου τον όβορο,,,"Στου νιόγαμπρου τον όβορο
άσπρο λιθάρι ριζωτό
κι έτρεχε κρύο νερό
παίρνουν και λούζουν τον γαμπρό.","01) με τον Στυλ. Μπέλλο, 1986",,"Ζαγορίσιος, γαμήλιος σκοπός.

-Μπέλλος (1986). Στο δίσκο αναφέρεται ως δημιουργός ο Στ. Μπέλλος."
Είχα απόψε ακεφιά,Πολυμέρης,Πολυμέρης,"Είχα απόψε ακεφιά
γι' αυτό μπήκα στην ταβέρνα
να περάσει η βραδιά
φέρε μας παιδί μου, κέρνα","01) με τον Πολυμέρη, 1961",,"Φοξ.

-45άρι ODEON DSOG 2705 (κυκλοφ. 7-7-1961). Ακορντεόν Γ. Κουλαξίζης."
Μου είχες πει ότι θα ζήσουμε μαζί,Κ. Ζήτης,Κ. Ζήτης,"Μου είχες πει ότι θα ζήσουμε μαζί
πάντα χαρούμενα, καλά κι ευτυχισμένα
κι όμως η αγάπη μας έπαψε να ζει
και σαν εχθρός μου τώρα φέρνεσαι σε μένα.

Δεν την αντέχω άλλο πια την άπονη καρδιά σου ......ρεφρέν
κι όπως με κάνεις γρήγορα /θα φύγω από/ κοντά σου.

Ως πότε πια αυτή η μαύρη σου ψυχή
τόσο αχάριστα, σκληρά θα με παιδεύει
θα 'ρθει μια μέρα που για μένα τη φτωχή
θα κλαις πικρά χωρίς κανείς να σε πιστεύει.

Ρεφρέν.

Μου έχεις κάνει ένα μαρτύριο τη ζωή
και δε σε νοιάζει να πονώ και υποφέρω
μα σου το λέω θα χαθώ ένα πρωί
και που θα πάω ούτ' εγώ δε θα το ξέρω.

Ρεφρέν.","01) με την Γκρέυ, 1-2-1962",,"Χασάπικος.

-45άρι HMV 7PG 3085. Κιθάρα: ΔΕΔΕΣ ΙΩΑΝΝΗΣ, Μπαγλαμάς: ΠΕΤΣΑΣ ΠΑΝΑΓΙΩΤΗΣ, Μπουζούκι: ΚΑΡΑΜΠΕΣΙΝΗΣ ΓΙΑΝΝΗΣ, Μπουζούκι: ΜΑΚΡΥΔΑΚΗΣ ΣΤΕΛΙΟΣ."
Είμαι καλός κομουνιστής,,Γιά. Κακουλίδης,"Είμαι καλός κουμουνιστής
το στης παίρνει οξεία
κι έχουμε αμέσως να σκεφτείς
ομοιοκαταληξία,
ψηφίζω πάντα αριστερά
καμιά φορά και κέντρο
και συμπαθώ τη δεξιά
σαν καρποφόρο δέντρο",01) με τον Γιώ. Μαρίνο,,
Σχίζονται κάμποι και βουνά,Κολοκοτρώνης,Μέλπω Κολοκοτρώνη,"Σχίζονται κάμποι και βουνά,
βουίζουν τα λαγκάδια
μια μάνα που βαθιά πονά
το μοιρολόι αρχινά,
τις νύχτες και τα βράδια.

Σκίζονται κάμποι και βουνά ……..ρεφρέν
μια μάνα κλαίει και πονά.

Μέσα στα δάση τριγυρνά
το χάρο ν' ανταμώσει
της έχει πάρει το παιδί
κι η δόλια τον παρακαλεί,
να της το ξαναδώσει.

Ρεφρέν.

Μη κλαις μανούλα, μη ζητάς,
από το χάρο, χάρη
γιατί έχει άπονη ψυχή
κι έτσι θα 'ρθεις μια χαραυγή
κι εσένα να σε πάρει.

Ρεφρέν.","01) με τον Καζαντζίδη, 19-7-1954",,"Ζεϊμπέκικος.

-78άρι Columbia DG 7101. Κιθάρα: ΧΡΥΣΙΝΗΣ ΣΤΕΛΙΟΣ, Μπαγλαμάς: ΔΕΡΒΕΝΙΩΤΗΣ ΘΕΟΔΩΡΟΣ, Μπουζούκι: ΒΑΜΒΑΚΑΡΗΣ ΑΡΓΥΡΗΣ, Μπουζούκι: ΣΠΗΛΙΟΠΟΥΛΟΣ ΒΑΣΙΛΗΣ"
Η αγάπη σου ήταν γεράνι,Γιώ. Σταυριανός,Γιώ. Σταυριανός,"/Η αγάπη σου ήταν γεράνι/
στο ηλιοβασίλεμα π' ανθίζει τ' όνειρο
η αγάπη σου φλόγες βγάνει",01) με τον Αργ. Κούκα,,
Γύρνα πίσω και δες,Δημ. Ρακιτζής,Παν. Σιδηρόπουλος,"Φεύγεις για το δρόμο το μεγάλο,
το δρόμο που δεν έχει γυρισμό
ψάχνεις για να βρεις το κάτι άλλο
το κάτιπου δε σου 'δωσα εγώ","01) με τον Βασ. Καρρά, 1988",,"-Από το ""Αποκλειστικά για σένα""."
Διώξε με να φύγω,Τ. Σούκας,Τ. Σούκας,"Αφού δε με θέλεις, άπονη καρδιά
διώξε με να φύγω, να φύγω μακριά
ίσως και να ησυχάσω, όταν είμαι μακριά σου
δε θ' ακούω, δε θα βλέπω τη σκληρή την απονιά σου","01) με τον Γιά. Σταματάκη, 1966",,"Συρτοτσιφτετέλι.

-*45άρι KERAVNOPHONE KC 225 (Κύπρου)."
Κάντε μου παρέα,Δαλέζιος,Δαλέζιος,"/Κάντε μου παρέα απόψε που πονώ/
/χώρισα /μ' εκείνη/ π' αγαπώ/.

Είναι φαρμάκι τα δυο μου χείλη
και η καρδιά μου, μαύρη κι αυτή,
απόψε θα 'ναι για μένα η νύχτα
η πιο μεγάλη κι η πιο φριχτή.

/Κάντε μου παρέα απόψε που πονώ/
/χώρισα μ' εκείνη π' αγαπώ/.

/Κλείστε μου τα μάτια, βαθιά να κοιμηθώ/
/αν δεν την ξεχάσω, το κόσμο να μη δω/.

Είναι φαρμάκι τα δυο μου χείλη
και η καρδιά μου, μαύρη κι αυτή,
απόψε θα 'ναι για μένα η νύχτα
η πιο μεγάλη κι η πιο φριχτή.

/Κάντε μου παρέα απόψε που πονώ/
/χώρισα μ' εκείνη π' αγαπώ/.","01) 45άρια (89ος, με τους Μενιδιάτη, Λύδια, 1967)

02) με τους Κ. Ψαλτάκη, Ρ. Ρόη, 1967",,"Συρτοτσιφτετέλι.

-Μενιδιάτης. (89ος) 45άρι COLUMBIA SCDG 3675.


-Ψαλτάκης. 45άρι Bellcanto 501. Ορχ. Γιώρ. Μαλλίδη."
Βγάλε τα μαύρα πανιά,Θεοδωράκης,Γιά. Θεοδωράκης,"Πέτα το καμάκι χτύπα πάνω στην πληγή
κοίτα κι ένας άλλος κόκκινο έχει το σπαθί","01) Δ-667 (με τον Μπιθικώτση, 1978)","1) ΘΕΟΔΩΡΑΚΗΣ σελ. 205, Α","-Από το ""Οκτώβρης '78"" (1978, Δ-667)."
Χορέψτε μαζί μας,Σπ. Σκορδίλης,,Οργανικό,"01) Δ-241 (Οργανικό. Μπουζούκι ο Σπ. Σκορδίλης, 1979)",,"Τσιφτετέλι.

-Από το ""12 παρά"" (1979, Δ-241)."
Πάμε τσάρκα,Ανδρ. Χατζηαποστόλου,Τ. Σωτήρχος,"Έλα απόψε τη ζωή μας να χαρούμε
τέτοιο βράδυ ίσως δε θα ξαναβρούμε
καθισμένοι πλάι-πλάι να γλεντήσουμε
να χορέψουμε, να πιούμε, να μεθύσουμε","01) με την Ελίζα Μαρέλλι, 1-11-1960",,"Τανγκό.

-45άρι COLUMBIA SCDG 2814, με τούμπα ""Σε συγχωρώ"" (ίδια)."
Χάνεσαι σαν τον κομήτη,Βασ. Σούκας,Λ. Τσώλης,"Όταν βρίσκεσαι κοντά μου, λες πως μ' αγαπάς
κι όταν φεύγεις μακριά μου, μ' άλλες ξενυχτάς","01) με την Έφη Γεωργακοπούλου, 1968",,"Συρτός.

-45άρι DΕCCA PL 8206 με τούμπα ""Στο περιβόλι σου θα μπω"" (ίδια). Βιολί ο Ηλ. Σούκας."
Παράξενα έχεις γούστα,Ι. Πολυκανδριώτης,Ι. Πολυκανδριώτης,"Τη μια μου λες πως μ' αγαπάς,
την άλληνε με σπρώχνεις
με τα φιλιά σου με τραβάς
και ύστερα με διώχνεις.
Τι να το κάνω αν μ' αγαπάς
παράξενα έχεις γούστα
και θέλεις πάντα όπου πας
να μ' έχεις μες στη φούστα.

Βαρέθηκα, κοπέλα μου ......……ρεφρέν
και δεν αντέχω, φτάνει
να μ' έχεις δεν ανέχομαι,
δεμένο στο φουστάνι.

Ποτέ δε σου αρνήθηκα
ότι κι αν μου ζητούσες
και χρήμα δε λυπήθηκα
μα εσύ με τυραννούσες.
Τι να το κάνω αν μ' αγαπάς
παράξενα έχεις γούστα
και θέλεις πάντα όπου πας
να μ' έχεις μες στη φούστα.

Ρεφρέν.

Ρεφρέν.","01) με τον Καναρίδη, 1965",,"Χασαποσέρβικος.

-45άρι Music-box MB 578. Δνση ορχ. Θόδ. Πολυκανδριώτης."
Να δεις που κάποτε θα μας πούνε και μαλάκες,Μηλιώκας,Μηλιώκας,"Λένε πως είμαι γκαντέμης, παλιοκομούνι, ανάρχας
χωρίς αιτία φρικάρω και άλλα πολλά εμπριμέ","01) Δ-572 (με τον Μηλιώκα, 1988)",,"-Από το ""Και άλλα πολλά εμπριμέ"" (1988, Δ-572)."
Το φιλί δεν είναι κρίμα,Μιχ. Καλλέργης,"Γιώ. Παπασιδέρης, Σέμσης","Θυμάσαι που σε φίλησα
μες στ' αμπέλι στη σταφίδα
το φιλί δεν είναι κρίμα
και βάλαμε και μάρτυρα
μια βεργούλα απ' τ' αμπέλι
είσαι ζάχαρη και μέλι.

Θυμάσαι που σε φίλησα
μες στον πλάτανο στη βρύση
κούκλα μου απ' το Καρπενήσι
και βάλαμε και μάρτυρα
τα φύλλα απ' το πλατάνι
βλάχα μου με το γιορντάνι.

Τώρα τα φύλλα πέσανε
και ποιος θα μαρτυρήσει
κούκλα μου απ' το Καρπενήσι
θα μαρτυρήσει ο πλάτανος
κι αυτή η κρύα βρύση
κούκλα μου απ' το Καρπενήσι.","01) με τον Μιχ. Καλλέργη, 1940",,"Συρτός.

-78άρι HMV AO 2614 και αυτούσιο 78άρι ORTHOPHONIC S 579 (Αμερικής) και αυτούσιο 78άρι RCA VICTOR 26-8021 (Αμερικής). Κλαρίνο ο Γιώ. Ανεστόπουλος. Διασκευή παραδοσιακού τραγουδιού, παραλλαγές του τραγούδησαν η Ρίτα Αμπατζή ένα χρόνο πριν  και ο Γ. Παπασιδέρης το 1934 (""Της βλάχας το γιορντάνι"")."
Ποιος μπορεί,Άρης Σταφούλης,Νάσος Νανόπουλος,Δε βρέθηκε το τραγούδι,,,"Συμμετοχή στο 18ο Φεστιβάλ Ελληνικού Τραγουδιού (Θεσ/νίκη, 1979), με ενορχ. και δντή ορχ. τον Κ. Κλάββα. Στο φεστιβάλ, το ερμήνευσε Γιώ. Σουνάς."
